City_ID,City,Lat,Lng,Max Temp,Humidity,Cloudiness,Wind Speed,Country,Date
0,kodiak,57.79,-152.4072,2.73,48,0,5.14,Saint Paul Harbor,1669954033
1,vardo,70.3705,31.1107,0.99,93,100,1.03,Vardø,1669954034
2,puerto madryn,-42.7692,-65.0385,22.53,26,58,4.45,Puerto Madryn,1669953772
3,pisco,-13.7,-76.2167,19.03,82,0,1.54,Pisco,1669954036
4,nikolskoye,59.7035,30.7861,-10.11,85,97,1.64,Nikolskoye,1669954038
5,avarua,-21.2078,-159.775,27.03,83,75,2.57,Avarua,1669954039
6,tuktoyaktuk,69.4541,-133.0374,-14.78,91,100,7.17,Tuktoyaktuk,1669954040
7,hobyo,5.3505,48.5268,26.46,80,44,7.09,Hobyo,1669954042
8,avera,33.194,-82.5271,3.73,52,96,2.95,Avera,1669954043
9,abu samrah,35.3029,37.1841,10.81,84,35,1.1,Abu Samrah,1669954045
10,tandil,-37.3217,-59.1332,9.27,93,55,2.87,Tandil,1669954046
11,ribeira grande,38.5167,-28.7,13.21,60,2,3.13,Ribeira Grande,1669954047
12,mataura,-46.1927,168.8643,10.27,49,93,3.79,Mataura,1669954049
13,rikitea,-23.1203,-134.9692,23.95,78,19,5.15,Rikitea,1669954050
14,cambe,-23.2758,-51.2783,24.38,69,20,3.6,Cambé,1669953945
15,kapaa,22.0752,-159.319,24.99,73,75,6.69,Kapaa,1669954052
16,yerkoy,39.6381,34.4672,8.36,89,74,1.43,Yerköy,1669954055
17,victoria,22.2855,114.1577,18.3,73,81,5.81,Hong Kong,1669953776
18,ouallam,14.3188,2.0866,22.24,18,26,3.78,Ouallam,1669954057
19,saint-pierre,-21.3393,55.4781,27.73,61,0,1.54,Saint-Pierre,1669954060
20,samarai,-10.6167,150.6667,29.38,71,96,0.35,Samarai,1669954061
21,erzin,36.9559,36.2,13.9,73,29,1.69,Erzin,1669954062
22,hirara,24.8,125.2833,23.66,79,100,10.41,Hirara,1669954064
23,san jose,37.3394,-121.895,8.23,89,20,1.54,San Jose,1669953987
24,srednekolymsk,67.45,153.6833,-33.56,93,43,3.78,Srednekolymsk,1669954066
25,pevek,69.7008,170.3133,-15.64,94,100,3.7,Pevek,1669954068
26,thaba-tseka,-29.522,28.6084,16.21,54,82,1.3,Thaba-Tseka,1669954069
27,albany,42.6001,-73.9662,1.43,66,66,3.23,Albany,1669954070
28,sao desiderio,-12.3633,-44.9733,20.45,97,100,1.34,São Desidério,1669954072
29,jamestown,42.097,-79.2353,-1.23,88,0,3.6,Jamestown,1669953928
30,punta arenas,-53.15,-70.9167,10.06,71,95,6.08,Punta Arenas,1669953775
31,ushuaia,-54.8,-68.3,10.81,58,40,1.54,Ushuaia,1669954075
32,port alfred,-33.5906,26.891,18.99,87,95,0.89,Port Alfred,1669954077
33,mar del plata,-38.0023,-57.5575,16.72,88,100,3.13,Mar del Plata,1669954078
34,saskylakh,71.9167,114.0833,-20.76,100,100,1.08,Saskylakh,1669954079
35,luderitz,-26.6481,15.1594,17.06,83,0,10.15,Lüderitz,1669954081
36,kaa-khem,51.6833,94.7333,-26.8,87,25,0.73,Kaa-Khem,1669954082
37,mandalgovi,45.7625,106.2708,-17.48,55,0,8.59,Mandalgovi,1669954084
38,vaini,-21.2,-175.2,27.09,89,75,2.06,Vaini,1669954085
39,flin flon,54.7682,-101.865,-21.85,94,100,2.78,Flin Flon,1669954087
40,busselton,-33.65,115.3333,22.48,49,0,6.51,Busselton,1669954088
41,cape town,-33.9258,18.4232,17.28,78,95,4.02,Cape Town,1669954089
42,virtsu,58.5716,23.5115,-6.64,85,100,5.18,Virtsu,1669954091
43,isla vista,34.4133,-119.861,13.5,91,100,2.57,Isla Vista,1669954092
44,severo-kurilsk,50.6789,156.125,-2.06,78,97,5.46,Severo-Kuril'sk,1669954094
45,inta,66.0317,60.1659,-17.27,92,10,5.49,Inta,1669954095
46,constitucion,-35.3333,-72.4167,12.79,68,0,3.59,Constitución,1669954097
47,dunedin,-45.8742,170.5036,9.89,72,100,4.47,Dunedin,1669953991
48,tutoia,-2.7619,-42.2744,26.28,82,39,6.13,Tutóia,1669954099
49,puerto ayora,-0.7393,-90.3518,21.42,86,89,3.58,Puerto Ayora,1669954101
50,tasiilaq,65.6145,-37.6368,1.09,73,10,1.02,Tasiilaq,1669954102
51,bluff,-46.6,168.3333,10.45,53,68,7.66,Bluff,1669954104
52,mecca,21.4267,39.8261,23.78,73,0,1.4,Makkah al Mukarramah,1669954105
53,cidreira,-30.1811,-50.2056,21.93,96,98,4.45,Cidreira,1669953812
54,port elizabeth,-33.918,25.5701,18.51,94,75,6.69,Port Elizabeth,1669953809
55,skibbereen,51.55,-9.2667,9.92,79,100,5.48,Skibbereen,1669954109
56,severo-yeniseyskiy,60.3725,93.0408,-23.2,96,94,1.45,Severo-Yeniseyskiy,1669954110
57,ahipara,-35.1667,173.1667,17.33,63,100,4.13,Ahipara,1669954112
58,san cristobal,7.7669,-72.225,16.6,96,45,1.61,San Cristobal,1669954113
59,maua,-23.6678,-46.4614,22.98,82,36,2.26,Mauá,1669953816
60,nouadhibou,20.931,-17.0347,17.38,84,68,8.67,Nouadhibou,1669954116
61,northam,51.0333,-4.2167,4.15,87,14,3.04,Northam,1669954117
62,muros,42.7762,-9.0603,4.35,93,13,2.5,Muros,1669953752
63,chegdomyn,51.1167,133.0167,-22.1,81,95,1.35,Chegdomyn,1669954120
64,lebu,-37.6167,-73.65,11.4,81,2,7.38,Lebu,1669954121
65,chunoyar,57.4467,97.3217,-22.08,95,66,1.96,Chunoyar,1669954122
66,esperance,-33.8667,121.9,20.04,70,63,6.39,Esperance,1669954124
67,vrangel,42.7297,133.0839,-6.29,42,5,5.53,Vrangel',1669954125
68,jishou,28.3167,109.7167,5.87,72,68,0.66,Jishou,1669954127
69,hilo,19.7297,-155.09,25.71,93,100,4.12,Hilo,1669954129
70,rocha,-34.4833,-54.3333,19.85,98,99,2.34,Rocha,1669954130
71,torbay,47.6666,-52.7314,8.75,95,100,12.86,Torbay,1669953941
72,bredasdorp,-34.5322,20.0403,16.45,78,97,6.47,Bredasdorp,1669954132
73,key biscayne,25.6937,-80.1628,26.12,79,20,4.63,Key Biscayne,1669954134
74,matara,5.9485,80.5353,27.99,72,95,2.43,Matara,1669954135
75,yellowknife,62.456,-114.3525,-22.07,98,99,2.16,Yellowknife,1669954079
76,kupang,-10.1667,123.5833,29.32,74,75,3.09,Kupang,1669954138
77,airai,-8.9266,125.4092,24.48,46,24,0.89,Airai,1669954139
78,isangel,-19.55,169.2667,28.54,80,100,5.45,Isangel,1669954068
79,kargil,34.5667,76.1,-1.9,35,100,0.52,Kargil,1669954142
80,charlestown,-32.95,151.6667,22.79,63,100,3.13,Charlestown,1669954143
81,east london,-33.0153,27.9116,20.58,92,92,5.74,East London,1669954145
82,ponta do sol,32.6667,-17.1,18.34,72,17,3.66,Ponta do Sol,1669954148
83,kundiawa,-6.0167,144.9667,21.78,86,89,0.65,Kundiawa,1669954149
84,waingapu,-9.6567,120.2641,30.22,62,84,3.66,Waingapu,1669954151
85,chumphon,10.3333,98.8333,28.84,59,56,2.91,Chumphon,1669954152
86,faya,18.3851,42.4509,8.29,64,1,0.31,Faya,1669954154
87,narsaq,60.9167,-46.05,-5.88,69,57,3.1,Narsaq,1669954155
88,alofi,-19.0595,-169.9187,28.94,74,75,2.57,Alofi,1669954157
89,barrow,71.2906,-156.7887,-5.99,86,100,7.72,Barrow,1669954017
90,vao,-22.6667,167.4833,26.3,84,94,10.0,Vao,1669953977
91,odessa,46.4775,30.7326,2.67,74,100,5.9,Odesa,1669953911
92,zabid,14.1951,43.3152,24.08,74,0,0.73,Zabid,1669954162
93,hermanus,-34.4187,19.2345,16.0,83,80,8.1,Hermanus,1669954164
94,caraquet,47.7941,-64.9386,-1.75,66,90,9.68,Caraquet,1669954166
95,cockburn town,21.4612,-71.1419,26.32,71,5,10.45,Cockburn Town,1669954168
96,inirida,3.8653,-67.9239,22.5,80,27,2.47,Inírida,1669954169
97,georgetown,5.4112,100.3354,30.5,74,20,0.0,George Town,1669954171
98,adrar,20.5022,-10.0711,18.28,20,4,3.11,Adrar,1669954172
99,liuzhou,24.3126,109.3892,5.32,74,100,3.95,Liuzhou,1669954173
100,oriximina,-1.7656,-55.8661,23.97,91,79,1.1,Oriximiná,1669954175
101,cayenne,4.9333,-52.3333,23.02,100,75,0.0,Cayenne,1669954176
102,mulchen,-37.7167,-72.2333,11.67,51,1,2.91,Mulchén,1669953923
103,verkhoyansk,67.5447,133.385,-25.7,99,100,2.23,Verkhoyansk,1669954178
104,havoysund,70.9963,24.6622,4.13,92,99,3.12,Havøysund,1669954180
105,yangambi,0.8102,24.4336,19.2,99,100,0.84,Yangambi,1669954181
106,cururupu,-1.8283,-44.8683,25.37,81,73,2.5,Cururupu,1669954029
107,butaritari,3.0707,172.7902,27.83,72,18,8.24,Butaritari,1669954184
108,khasan,42.4308,130.6434,-4.96,34,2,2.34,Khasan,1669954185
109,pangody,65.85,74.4859,-22.16,91,30,3.97,Pangody,1669954111
110,piacabucu,-10.4056,-36.4344,24.82,86,100,5.11,Piaçabuçu,1669954188
111,egvekinot,66.3167,-179.1667,-1.68,99,100,4.36,Egvekinot,1669954189
112,la ronge,55.1001,-105.2842,-24.03,98,92,1.31,La Ronge,1669954190
113,shakawe,-18.3667,21.85,18.91,30,0,2.11,Shakawe,1669954192
114,tonantins,-2.8731,-67.8022,22.97,99,100,1.19,Tonantins,1669954193
115,arraial do cabo,-22.9661,-42.0278,23.54,92,100,11.39,Arraial do Cabo,1669954194
116,aklavik,68.2191,-135.0107,-13.84,87,100,2.8,Aklavik,1669954196
117,san policarpo,12.1791,125.5072,28.0,82,100,6.57,San Policarpo,1669954197
118,kishapu,-3.6167,33.8667,20.49,75,99,0.71,Kishapu,1669954198
119,nuuk,64.1835,-51.7216,-5.88,58,100,4.61,Nuuk,1669954200
120,bugiri,0.5714,33.7417,16.5,86,13,3.18,Bugiri,1669954201
121,wajima,37.4,136.9,4.62,91,100,6.11,Wajima,1669954204
122,kaitangata,-46.2817,169.8464,11.21,56,96,5.75,Kaitangata,1669954206
123,san patricio,28.017,-97.5169,18.92,91,100,5.13,San Patricio,1669954208
124,nuevo progreso,23.1667,-97.95,18.59,78,4,1.7,Nuevo Progreso,1669954211
125,saint george,37.1041,-113.5841,11.0,42,100,5.14,Saint George,1669954019
126,tazovskiy,67.4667,78.7,-18.92,95,87,5.46,Tazovsky,1669954215
127,misratah,32.3754,15.0925,15.38,52,12,3.7,Misratah,1669954217
128,mogadishu,2.0371,45.3438,27.01,74,38,4.66,Mogadishu,1669954219
129,bethel,41.3712,-73.414,1.41,67,0,0.45,Bethel,1669954221
130,lokossa,6.6387,1.7167,23.94,89,89,1.2,Lokossa,1669954223
131,atuona,-9.8,-139.0333,25.54,70,10,8.47,Atuona,1669954002
132,micheweni,-4.9667,39.8333,25.7,80,60,2.3,Micheweni,1669954225
133,kayerkan,69.3497,87.7602,-17.84,97,100,4.01,Kayerkan,1669954228
134,preobrazheniye,42.9019,133.9064,-6.95,38,0,4.37,Preobrazheniye,1669954230
135,saint-philippe,-21.3585,55.7679,26.77,73,6,2.93,Saint-Philippe,1669954232
136,bafra,41.5678,35.9069,16.51,85,99,4.26,Bafra,1669954233
137,sao paulo de olivenca,-3.3783,-68.8725,23.14,97,98,0.95,São Paulo de Olivença,1669954234
138,fjerritslev,57.0813,9.2664,3.27,81,77,6.6,Fjerritslev,1669954236
139,kota tinggi,1.7381,103.8999,29.05,73,100,1.45,Kota Tinggi,1669954237
140,pangkalanbuun,-2.6833,111.6167,28.92,75,65,1.76,Pangkalanbuun,1669954239
141,kununurra,-15.7667,128.7333,35.99,21,48,2.57,Kununurra,1669954240
142,sibolga,1.7427,98.7792,24.2,94,100,1.26,Sibolga,1669954037
143,merritt,50.1123,-120.7942,-25.32,100,70,0.17,Merritt,1669953467
144,katsuura,35.1333,140.3,11.61,62,100,6.4,Katsuura,1669954243
145,selfoss,63.9331,-20.9971,3.36,76,100,5.99,Selfoss,1669954245
146,bambous virieux,-20.3428,57.7575,26.23,73,32,3.43,Bambous Virieux,1669954246
147,mahebourg,-20.4081,57.7,26.25,74,24,3.45,Mahébourg,1669954247
148,leh,34.1667,77.5833,-2.63,38,100,1.25,Leh,1669954249
149,palu,-0.8917,119.8707,32.0,59,71,1.88,Palu,1669954208
150,khatanga,71.9667,102.5,-11.29,95,100,5.5,Khatanga,1669954251
151,astoria,46.1879,-123.8313,1.98,95,100,2.06,Astoria,1669954253
152,guilin,25.2819,110.2864,4.25,79,99,2.22,Guilin,1669954254
153,lagoa,39.05,-27.9833,13.92,53,84,12.67,Lagoa,1669954255
154,waipawa,-41.4122,175.5153,10.43,82,97,5.05,Waipawa,1669954257
155,kautokeino,69.0125,23.0412,-2.38,98,100,0.6,Kautokeino,1669954258
156,sisimiut,66.9395,-53.6735,-10.75,68,100,9.01,Sisimiut,1669954259
157,sapa,5.1544,120.3241,28.86,68,63,1.2,Sapa,1669954261
158,dikson,73.5069,80.5464,-4.37,93,100,5.26,Dikson,1669954262
159,hobart,-42.8794,147.3294,22.93,52,75,5.66,Hobart,1669954112
160,tefe,-3.3542,-64.7114,23.66,96,98,1.15,Tefé,1669954265
161,jiaozuo,35.2397,113.2331,4.4,16,84,2.51,Jiaozuo,1669954267
162,namatanai,-3.6667,152.4333,28.49,75,100,3.21,Namatanai,1669953794
163,perelyub,51.8667,50.3667,-9.77,93,26,3.33,Perelyub,1669954270
164,klyuchi,52.2667,79.1667,-18.67,90,11,3.83,Klyuchi,1669954272
165,fairbanks,64.8378,-147.7164,-17.27,82,0,2.06,Fairbanks,1669954240
166,qaanaaq,77.484,-69.3632,-31.08,70,0,3.84,Qaanaaq,1669954274
167,new norfolk,-42.7826,147.0587,22.73,30,25,1.79,New Norfolk,1669954276
168,naples,40.8333,14.25,12.86,82,100,1.54,Naples,1669954277
169,college,64.8569,-147.8028,-17.28,82,20,2.06,College,1669954003
170,nanortalik,60.1432,-45.2371,-4.63,69,62,4.21,Nanortalik,1669954280
171,okhotsk,59.3833,143.3,-19.58,97,100,4.01,Okhotsk,1669954282
172,itarema,-2.9248,-39.9167,26.2,75,19,6.43,Itarema,1669954101
173,la paz,-16.5,-68.15,7.99,15,0,2.06,La Paz,1669954285
174,oranjestad,12.524,-70.027,26.06,84,1,1.34,Oranjestad,1669954286
175,dongsheng,39.8161,109.9776,-5.33,27,69,8.86,Dongsheng,1669954290
176,grand forks,47.9417,-97.4337,-4.15,86,75,2.06,Grand Forks,1669954291
177,berlevag,70.8578,29.0864,1.0,93,100,5.66,Berlevåg,1669954293
178,ola,59.5833,151.2833,-6.89,74,100,4.6,Ola,1669954294
179,seymchan,62.8833,152.4333,-34.51,100,92,0.22,Seymchan,1669954295
180,vanimo,-2.6741,141.3028,29.5,65,99,4.13,Vanimo,1669954297
181,barraute,48.4335,-77.6328,-11.55,96,75,1.33,Barraute,1669954298
182,aksarka,66.5606,67.7975,-18.83,94,6,4.45,Aksarka,1669954299
183,rorvik,64.8621,11.2373,0.06,74,0,4.12,Rørvik,1669954301
184,pascagoula,30.3658,-88.5561,9.03,89,0,0.0,Pascagoula,1669954302
185,yerbogachen,61.2767,108.0108,-24.47,91,100,3.29,Yerbogachën,1669954303
186,carnarvon,-24.8667,113.6333,24.73,60,1,5.77,Carnarvon,1669954305
187,velyka pysarivka,50.4259,35.485,-2.0,53,100,6.81,Velyka Pysarivka,1669954306
188,abaza,52.655,90.0928,-17.07,79,100,0.67,Abaza,1669954307
189,sorong,-0.8833,131.25,28.87,67,100,2.26,Sorong,1669954309
190,kitimat,54.0524,-128.6534,-6.55,56,100,2.1,Kitimat,1669954310
191,clinton,42.587,-82.9199,0.63,73,75,2.06,Charter Township of Clinton,1669954156
192,soyo,-6.1349,12.3689,25.57,88,100,3.93,Soyo,1669954313
193,marawi,7.9986,124.2928,27.13,67,96,3.27,Marawi,1669954314
194,bathsheba,13.2167,-59.5167,23.34,94,75,7.2,Bathsheba,1669954315
195,tilichiki,60.4667,166.1,-13.65,96,88,2.55,Tilichiki,1669954317
196,ligayan,4.6533,119.4706,28.33,69,96,2.47,Ligayan,1669954318
197,malakal,9.5334,31.6605,23.84,29,94,2.13,Malakal,1669954319
198,edd,13.9297,41.6925,27.14,51,0,3.24,Edd,1669954321
199,castro,-24.7911,-50.0119,16.32,92,78,1.54,Castro,1669954322
200,jumla,29.2747,82.1838,15.01,14,8,0.72,Jumla,1669954324
201,am timan,11.0297,20.2827,23.4,34,74,1.88,Am Timan,1669954326
202,auki,-8.7676,160.7034,26.91,86,100,2.96,Auki,1669954329
203,nome,64.5011,-165.4064,-3.96,100,100,7.2,Nome,1669954330
204,aleksandrovsk-sakhalinskiy,50.8975,142.1561,-12.6,83,100,6.05,Aleksandrovsk-Sakhalinskiy,1669954332
205,sinnamary,5.3833,-52.95,24.94,87,89,4.69,Sinnamary,1669954333
206,bengkulu,-3.8004,102.2655,27.34,76,98,3.5,Bengkulu,1669954335
207,el paso,31.8001,-106.2005,13.4,41,0,1.54,El Paso,1669954312
208,fortuna,40.5982,-124.1573,3.85,95,0,3.6,Fortuna,1669954338
209,rockhampton,-23.3833,150.5,25.94,47,100,1.54,Rockhampton,1669954233
210,cabo san lucas,22.8909,-109.9124,24.17,84,91,2.43,Cabo San Lucas,1669954276
211,aykhal,66.0,111.5,-26.63,99,100,2.29,Aykhal,1669954342
212,oksfjord,70.2396,22.3479,3.1,91,77,3.17,Øksfjord,1669954343
213,talnakh,69.4865,88.3972,-17.55,98,100,2.75,Talnakh,1669954345
214,hamilton,39.1834,-84.5333,0.55,71,2,0.89,Hamilton,1669953590
215,batsfjord,70.6345,29.7185,-1.04,100,100,4.63,Båtsfjord,1669954347
216,beringovskiy,63.05,179.3167,1.42,99,100,4.63,Beringovskiy,1669954349
217,padang,-0.9492,100.3543,28.03,92,100,0.15,Padang,1669954350
218,ancud,-41.8697,-73.8203,11.58,82,100,4.01,Ancud,1669954352
219,bonthe,7.5264,-12.505,25.39,86,99,2.42,Bonthe,1669954353
220,dicabisagan,17.0818,122.4157,27.99,73,62,3.35,Dicabisagan,1669954354
221,miyako,39.6367,141.9525,4.35,43,64,5.14,Miyako,1669954356
222,hualmay,-11.0964,-77.6139,19.44,87,0,3.11,Hualmay,1669954357
223,sitka,57.0531,-135.33,-1.06,64,75,0.0,Sitka,1669954121
224,kachiry,53.0675,76.1036,-19.18,87,17,3.67,Kachīry,1669954360
225,geraldton,-28.7667,114.6,25.23,50,2,5.66,Geraldton,1669954361
226,dingle,10.9995,122.6711,27.95,82,96,6.55,Dingle,1669954362
227,cedar city,37.6775,-113.0619,7.54,42,100,13.89,Cedar City,1669954290
228,vestmannaeyjar,63.4427,-20.2734,6.9,71,100,10.22,Vestmannaeyjar,1669954365
229,broken hill,-31.95,141.4333,28.22,21,0,3.03,Broken Hill,1669954366
230,ilulissat,69.2167,-51.1,-21.05,69,10,4.83,Ilulissat,1669954367
231,sardhana,29.15,77.6167,19.24,30,43,0.06,Sardhana,1669954369
232,kavieng,-2.5744,150.7967,28.84,71,91,2.68,Kavieng,1669954370
233,termiz,37.2242,67.2783,4.05,56,75,5.14,Termez,1669954371
234,pangnirtung,66.1451,-65.7125,-15.74,79,100,4.98,Pangnirtung,1669954373
235,provideniya,64.3833,-173.3,1.06,100,100,6.0,Provideniya,1669954340
236,lata,40.1629,-8.3327,4.95,72,0,2.06,Lata,1669954375
237,sept-iles,50.2001,-66.3821,-2.19,72,87,4.92,Sept-Îles,1669954377
238,son tay,21.1378,105.505,14.96,76,100,0.92,Son Tay,1669954378
239,puerto baquerizo moreno,-0.9,-89.6,20.6,78,77,4.98,Puerto Baquerizo Moreno,1669954379
240,kayes,14.0,-11.0,27.94,20,100,1.58,Kayes,1669954381
241,gorin,51.1983,136.6669,-17.31,67,9,2.02,Gorin,1669954382
242,kasama,-10.2129,31.1808,16.51,93,100,1.09,Kasama,1669954383
243,coquimbo,-29.9533,-71.3436,14.85,94,100,2.57,Coquimbo,1669954385
244,sloboda,51.1421,40.3021,-5.24,77,94,3.83,Sloboda,1669954386
245,mount gambier,-37.8333,140.7667,22.84,42,5,3.29,Mount Gambier,1669954388
246,birin,26.8865,88.0718,16.67,44,0,1.89,Birin,1669954390
247,kruisfontein,-34.0033,24.7314,14.94,85,42,4.73,Kruisfontein,1669954391
248,oranjemund,-28.55,16.4333,16.08,93,35,4.56,Oranjemund,1669954392
249,willowmore,-33.2926,23.4895,15.89,69,3,2.45,Willowmore,1669954394
250,george,-33.963,22.4617,18.75,82,40,2.57,George,1669954396
251,struthers,41.0526,-80.6078,-1.51,80,0,0.0,Struthers,1669954397
252,iqaluit,63.7506,-68.5145,-11.15,85,100,8.23,Iqaluit,1669954399
253,longyearbyen,78.2186,15.6401,4.91,70,40,6.17,Longyearbyen,1669954400
254,russell,32.3502,-85.1999,7.23,87,0,0.0,Russell,1669954402
255,lazaro cardenas,17.9583,-102.2,24.88,83,77,1.84,Lázaro Cárdenas,1669954403
256,tallahassee,30.4383,-84.2807,10.11,83,0,2.86,Tallahassee,1669954405
257,roma,43.2128,-75.4557,0.77,71,100,4.12,Rome,1669954345
258,sao filipe,14.8961,-24.4956,22.54,66,100,5.37,São Filipe,1669954408
259,hithadhoo,-0.6,73.0833,27.4,69,5,3.66,Hithadhoo,1669954410
260,grand gaube,-20.0064,57.6608,26.32,67,46,1.34,Grand Gaube,1669954411
261,murwara,23.85,80.4,19.62,48,0,1.81,Murwāra,1669954412
262,quilpue,-33.045,-71.4494,13.05,88,0,2.06,Quilpué,1669954414
263,acarau,-2.8856,-40.12,26.26,76,15,6.83,Acaraú,1669954415
264,leningradskiy,69.3833,178.4167,-2.24,87,100,2.22,Leningradskiy,1669954416
265,clyde river,70.4692,-68.5914,-25.53,88,100,0.72,Clyde River,1669954418
266,mildura,-34.2,142.15,30.04,34,0,2.6,Mildura,1669954211
267,upernavik,72.7868,-56.1549,-20.47,100,35,7.33,Upernavik,1669954171
268,mabay,6.0577,124.4666,29.63,68,98,1.86,Mabay,1669954421
269,kanniyakumari,8.0833,77.5667,28.31,68,96,5.89,Kanniyākumāri,1669954423
270,vostok,46.4856,135.8833,-16.94,81,97,4.88,Vostok,1669954424
271,nadym,65.5333,72.5167,-20.96,91,17,4.89,Nadym,1669954425
272,millinocket,45.6573,-68.7098,-2.55,54,40,8.75,Millinocket,1669954427
273,bourail,-21.5667,165.4833,30.86,61,100,4.37,Bourail,1669954428
274,komsomolskiy,40.4272,71.7189,1.4,86,100,3.09,Yangi Marg`ilon,1669954429
275,mangit,40.5971,70.9607,4.09,55,100,3.44,Mangit,1669954431
276,mahibadhoo,3.7833,72.9667,26.24,76,78,0.42,Mahibadhoo,1669954432
277,areosa,41.7178,-8.8571,9.13,61,15,3.18,Areosa,1669954433
278,bubaque,11.2833,-15.8333,26.91,65,31,8.39,Bubaque,1669954435
279,ust-kuyga,70.0167,135.6,-22.98,99,100,3.18,Ust-Kuyga,1669954436
280,numan,9.4667,12.0333,21.11,33,91,0.86,Numan,1669954438
281,cravo norte,6.3017,-70.2041,22.55,77,10,2.64,Cravo Norte,1669954440
282,labrea,-7.2586,-64.7981,24.68,90,43,0.76,Lábrea,1669954441
283,vanavara,60.34,102.2797,-23.94,87,74,2.44,Vanavara,1669954443
284,salalah,17.0151,54.0924,25.05,53,0,1.03,Salalah,1669954444
285,homer,59.6425,-151.5483,-3.87,61,0,0.0,Homer,1669954287
286,tazmalt,36.3868,4.3989,10.53,61,100,2.37,Tazmalt,1669954447
287,iquique,-20.2208,-70.1431,18.02,73,13,0.35,Iquique,1669954449
288,faanui,-16.4833,-151.75,27.13,78,17,7.91,Faanui,1669954452
289,nioro,13.35,-15.75,21.68,42,69,3.38,Nioro,1669954454
290,taoudenni,22.6783,-3.9836,17.26,14,5,0.18,Taoudenni,1669954455
291,ust-maya,60.4167,134.5333,-30.38,90,100,1.32,Ust-Maya,1669954457
292,rabaul,-4.1967,152.1721,28.74,74,100,5.32,Rabaul,1669954458
293,mucuri,-18.0864,-39.5508,23.37,93,100,4.32,Mucuri,1669954460
294,lompoc,34.6391,-120.4579,12.51,95,100,6.17,Lompoc,1669954461
295,anloga,5.7947,0.8973,26.61,81,84,4.12,Anloga,1669954463
296,teguldet,57.3064,88.1667,-21.39,97,80,1.21,Tegul'det,1669954465
297,san rafael del sur,11.8485,-86.4384,24.58,77,10,5.65,San Rafael del Sur,1669954466
298,corn island,12.1694,-83.0418,27.38,77,20,8.04,Corn Island,1669954468
299,tura,25.5198,90.2201,23.83,53,0,0.16,Tura,1669954469
300,agadir,30.4202,-9.5982,15.25,86,66,0.4,Agadir,1669954471
301,thunder bay,48.4001,-89.3168,-2.88,80,100,3.51,Thunder Bay,1669954430
302,catabola,-12.15,17.2833,14.67,96,94,0.82,Catabola,1669954473
303,yar-sale,66.8333,70.8333,-20.4,92,13,3.93,Yar-Sale,1669954475
304,lavrentiya,65.5833,-171.0,0.74,99,100,5.96,Lavrentiya,1669954340
305,sambava,-14.2667,50.1667,24.72,82,24,2.07,Sambava,1669954477
306,codrington,-38.2667,141.9667,17.81,69,7,5.2,Codrington,1669954479
307,port blair,11.6667,92.75,28.7,73,70,4.47,Port Blair,1669954480
308,gonen,40.1049,27.654,12.23,60,79,2.07,Gönen,1669954481
309,zalesovo,53.9939,84.7431,-19.21,94,31,1.87,Zalesovo,1669954483
310,xihua,33.7833,114.5167,4.79,29,30,5.28,Wacheng,1669954484
311,chuy,-33.6971,-53.4616,19.44,99,49,1.05,Chui,1669954485
312,trincomalee,8.5711,81.2335,27.45,75,40,2.31,Trincomalee,1669954487
313,seidu,9.0167,-10.6,19.7,95,100,0.55,Seidu,1669954489
314,boden,65.8252,21.6886,-4.0,96,100,0.94,Boden,1669954490
315,hambantota,6.1241,81.1185,27.87,71,87,3.52,Hambantota,1669954491
316,tiksi,71.6872,128.8694,-22.72,93,100,4.12,Tiksi,1669954493
317,lorengau,-2.0226,147.2712,28.92,71,96,2.02,Lorengau,1669954494
318,zhanaozen,43.3,52.8,-5.08,26,0,4.43,Zhangaözen,1669954495
319,saldanha,-33.0117,17.9442,16.65,80,56,7.33,Saldanha,1669954255
320,bereda,43.2686,-7.5406,3.01,100,11,0.9,Bereda,1669954498
321,buala,-8.145,159.5921,28.45,77,100,2.78,Buala,1669954499
322,vikulovo,56.8167,70.6107,-24.6,96,12,1.89,Vikulovo,1669954500
323,souillac,-20.5167,57.5167,24.84,71,10,3.02,Souillac,1669954502
324,clarence town,-32.5833,151.7833,22.86,49,100,4.73,Clarence Town,1669954504
325,libreville,0.3925,9.4537,25.95,83,100,2.01,Libreville,1669954505
326,kamenka,51.3223,42.7678,-5.99,76,89,2.95,Kamenka,1669954508
327,beyneu,45.3167,55.2,-4.78,31,0,2.62,Beyneu,1669954509
328,vallenar,-28.5708,-70.7581,17.61,71,0,1.5,Vallenar,1669954511
329,areia branca,-4.9561,-37.1369,25.89,73,22,7.09,Areia Branca,1669954513
330,thompson,55.7435,-97.8558,-29.2,99,67,1.63,Thompson,1669954515
331,klyuchevskiy,53.5317,119.4519,-23.44,78,45,0.58,Klyuchevskiy,1669954517
332,antri,26.0567,78.2144,18.97,45,0,2.1,Antri,1669954518
333,dubti,11.7361,41.0853,22.54,60,0,2.81,Dubti,1669954520
334,mezen,65.8522,44.24,-5.21,95,100,2.42,Mezen',1669954522
335,nhulunbuy,-12.2333,136.7667,34.34,33,95,5.66,Nhulunbuy,1669954524
336,mishan,45.55,131.8833,-11.35,63,54,6.19,Mishan,1669954525
337,port lincoln,-34.7333,135.8667,22.4,55,0,5.4,Port Lincoln,1669954527
338,corowa,-36.0333,146.3833,28.1,46,1,1.5,Corowa,1669954528
339,gornyy,55.1153,83.9059,-21.35,100,96,2.0,Gornyy,1669954530
340,wexford,52.3342,-6.4575,9.56,86,100,0.45,Wexford,1669954480
341,swellendam,-34.0226,20.4417,16.9,83,75,2.78,Swellendam,1669954533
342,valdivia,-39.8142,-73.2459,8.05,71,9,0.98,Valdivia,1669954534
343,kaeo,-35.1,173.7833,20.74,73,100,4.52,Kaeo,1669954536
344,yarada,17.65,83.2667,28.18,78,75,2.57,Yārāda,1669954537
345,krasnoselkup,65.7,82.4667,-20.59,98,100,4.41,Krasnosel'kup,1669954539
346,esmeraldas,-19.7625,-44.3139,21.17,86,78,2.55,Esmeraldas,1669954540
347,salinopolis,-0.6136,-47.3561,26.84,79,99,6.09,Salinópolis,1669954541
348,korla,41.7597,86.1469,-4.24,27,100,2.0,Korla,1669954543
349,olinda,-8.0089,-34.8553,26.85,69,40,4.12,Olinda,1669954544
350,barra patuca,15.8,-84.2833,25.38,86,29,5.16,Barra Patuca,1669954545
351,hasaki,35.7333,140.8333,12.94,57,100,8.96,Hasaki,1669954547
352,sarangani,5.4033,125.4636,27.83,79,100,9.44,Sarangani,1669954548
353,cacapava do sul,-30.5122,-53.4914,19.32,79,0,0.88,Caçapava do Sul,1669954549
354,banugao,14.7333,121.6333,26.79,85,100,6.95,Banugao,1669954551
355,merano,46.6682,11.1595,5.75,86,100,1.11,Merano,1669954552
356,sioux lookout,50.1001,-91.917,-5.96,68,100,2.57,Sioux Lookout,1669954553
357,manbij,36.5281,37.9549,10.62,87,58,1.06,Manbij,1669954555
358,chabahar,25.2919,60.643,24.48,58,68,1.52,Chabahar,1669954556
359,tarpon springs,28.1461,-82.7568,19.98,84,0,2.57,Tarpon Springs,1669954558
360,ixtapa,20.7,-105.2,24.57,83,20,0.0,Ixtapa,1669954559
361,tiznit,29.5833,-9.5,12.88,91,75,2.31,Tiznit Province,1669954560
362,kropotkin,45.4375,40.5756,2.53,68,100,9.87,Kropotkin,1669954562
363,naze,28.3667,129.4833,13.51,86,100,9.53,Naze,1669954564
364,prachuap khiri khan,12.2167,99.75,28.14,65,5,3.95,Prachuap Khiri Khan,1669954398
365,gamba,-2.65,10.0,24.58,90,100,3.49,Gamba,1669954568
366,den helder,52.9599,4.7593,3.99,83,100,5.81,Den Helder,1669954570
367,langham,52.3668,-106.9679,-22.88,98,99,2.57,Langham,1669954520
368,shaowu,27.3409,117.4831,8.12,89,97,0.77,Shaowu,1669954573
369,mikhaylovka,50.06,43.2379,-6.86,86,62,3.64,Mikhaylovka,1669954334
370,cap malheureux,-19.9842,57.6142,26.37,67,41,1.34,Cap Malheureux,1669954577
371,zitacuaro,19.4372,-100.358,13.18,95,95,2.2,Zitacuaro,1669954578
372,poronaysk,49.2167,143.1167,-11.09,63,52,5.71,Poronaysk,1669954580
373,dalby,-27.1833,151.2667,25.55,40,79,1.34,Dalby,1669954581
374,gympie,-26.1898,152.665,22.68,59,85,4.34,Gympie,1669954583
375,port macquarie,-31.4333,152.9167,22.16,53,100,6.4,Port Macquarie,1669954576
376,zhigansk,66.7697,123.3711,-28.69,97,100,3.88,Zhigansk,1669954333
377,zhumadian,32.9794,114.0294,4.15,35,5,3.2,Zhumadian,1669954587
378,troitsko-pechorsk,62.7084,56.1964,-25.28,100,99,1.43,Troitsko-Pechorsk,1669954588
379,chino valley,34.7575,-112.4538,8.87,57,0,2.24,Chino Valley,1669954590
380,hami,42.8,93.45,-7.94,17,100,1.04,Kumul,1669954591
381,inyonga,-6.7167,32.0667,17.23,97,99,1.09,Inyonga,1669954593
382,yellandu,17.6,80.3333,26.68,60,26,0.8,Yellandu,1669954594
383,meulaboh,4.1363,96.1285,26.07,82,100,1.22,Meulaboh,1669954595
384,hermon,44.8101,-68.9134,0.18,59,75,4.12,Hermon,1669954597
385,koszalin,54.1944,16.1722,0.28,85,94,1.89,Koszalin,1669954598
386,whitehorse,60.7161,-135.0538,-17.61,77,99,6.71,Whitehorse,1669954506
387,walvis bay,-22.9575,14.5053,16.16,87,32,4.39,Walvis Bay,1669954600
388,ukiah,39.1502,-123.2078,3.25,92,0,0.0,Ukiah,1669954602
389,progreso,21.2833,-89.6667,25.06,82,2,6.2,Progreso,1669954603
390,lancaster,40.2504,-76.2499,-0.4,76,0,2.06,Lancaster,1669954604
391,prado,-17.3411,-39.2208,23.42,95,99,6.39,Prado,1669954606
392,andenes,69.3143,16.1194,3.99,93,100,3.09,Andenes,1669954607
393,tecoanapa,16.5167,-98.75,25.83,78,28,1.23,Barra de Tecoanapa,1669954608
394,havelock,34.8791,-76.9013,10.97,93,0,0.0,Havelock,1669954610
395,honiara,-9.4333,159.95,27.81,83,100,2.16,Honiara,1669954611
396,kargasok,59.0556,80.8572,-22.55,99,43,3.13,Kargasok,1669954613
397,asau,46.4333,26.4,-1.49,95,100,0.99,Asău,1669954614
398,cobija,-11.0267,-68.7692,23.38,89,96,0.49,Cobija,1669954615
399,cervo,43.6702,-7.4101,9.1,82,12,6.67,Cervo,1669954617
400,srandakan,-7.9386,110.2506,28.98,65,53,4.33,Srandakan,1669954618
401,kalianget,-7.05,113.9333,29.19,66,97,1.88,Kalianget,1669954619
402,tateyama,34.9833,139.8667,15.05,57,100,5.86,Tateyama,1669954621
403,sitia,35.2,26.0986,16.3,71,12,1.77,Sitia,1669954622
404,masuguru,-11.3667,38.4167,24.21,80,99,1.05,Masuguru,1669954624
405,te anau,-45.4167,167.7167,14.26,43,62,3.2,Te Anau,1669954627
406,bandar-e lengeh,26.5579,54.8807,21.06,83,0,2.06,Bandar-e Lengeh,1669954628
407,bossier city,32.516,-93.7321,11.1,50,100,2.57,Bossier City,1669954630
408,swan hill,-35.3378,143.5544,30.29,27,19,1.0,Swan Hill,1669954632
409,atar,20.5169,-13.0499,18.85,21,51,3.34,Atar,1669954633
410,balikpapan,-1.2675,116.8289,27.55,78,20,1.54,Balikpapan,1669954635
411,yekepa,7.5753,-8.5419,20.59,97,99,1.2,Yekepa,1669954636
412,nipawin,53.3668,-104.0009,-21.98,77,100,4.12,Nipawin,1669954639
413,viedma,-40.8135,-62.9967,15.61,53,1,7.75,Viedma,1669954420
414,dzilam gonzalez,21.2833,-88.9333,24.35,84,0,3.87,Dzilam González,1669954643
415,shamary,57.3434,58.2199,-17.16,84,7,2.63,Shamary,1669954644
416,haines junction,60.7522,-137.5108,-12.03,67,66,2.57,Haines Junction,1669954646
417,iskateley,67.6803,53.1512,-4.55,97,100,3.43,Iskateley,1669954648
418,durban,-29.8579,31.0292,21.68,91,47,0.45,Durban,1669954649
419,portland,45.5234,-122.6762,3.12,91,75,2.68,Portland,1669954235
420,tall kayf,37.0833,41.0667,9.19,71,61,1.24,Tall Kayf,1669954652
421,oistins,13.0667,-59.5333,23.05,94,75,7.2,Oistins,1669954425
422,mazatan,14.8667,-92.45,26.04,100,0,0.0,Mazatán,1669954654
423,umba,66.6871,34.3429,-4.65,92,90,0.81,Umba,1669954656
424,svetlogorsk,52.6333,29.7333,-7.16,93,100,2.78,Forsytheganj,1669954657
425,santa barbara,34.7333,-120.0343,9.61,91,100,3.6,Santa Barbara,1669954572
426,tudela,42.0617,-1.6045,4.5,86,7,2.45,Tudela,1669954659
427,brigantine,39.4101,-74.3646,2.22,72,0,2.57,Brigantine,1669954661
428,rawson,-43.3002,-65.1023,22.32,29,31,5.71,Rawson,1669954662
429,barth,54.3635,12.7249,2.25,82,100,4.17,Barth,1669954663
430,lanxi,29.2195,119.477,4.22,86,95,1.4,Lanxi,1669954665
431,petrinja,45.4375,16.29,3.96,99,100,1.18,Petrinja,1669954666
432,birjand,32.8663,59.2211,3.26,41,40,4.12,Birjand,1669954668
433,kimbe,-5.5502,150.1429,29.67,70,100,2.37,Kimbe,1669954669
434,saint-francois,46.4154,3.9054,2.69,87,100,1.54,Saint-François,1669954670
435,cabedelo,-6.9811,-34.8339,26.37,76,50,6.34,Cabedelo,1669954672
436,gravdal,68.1214,13.5031,2.94,93,0,3.6,Gravdal,1669954673
437,valle de allende,26.9333,-105.4,15.29,62,2,1.93,Valle de Allende,1669954674
438,tuatapere,-46.1333,167.6833,11.62,55,69,5.6,Tuatapere,1669954676
439,bonavista,48.6499,-53.1147,7.79,92,100,16.52,Bonavista,1669954677
440,itacarambi,-15.1022,-44.0919,20.88,96,99,0.65,Itacarambi,1669954678
441,dolgorukovo,52.3195,38.3453,-4.48,73,100,4.03,Dolgorukovo,1669954680
442,umm lajj,25.0213,37.2685,23.3,54,0,4.55,Umluj,1669954681
443,tiarei,-17.5333,-149.3333,28.01,81,18,7.09,Tiarei,1669954683
444,barabai,-2.5833,115.3833,32.16,57,68,1.49,Barabai,1669954684
445,alamogordo,32.8995,-105.9603,14.45,35,75,2.57,Alamogordo,1669954686
446,grenfell,-33.9,148.1667,23.58,44,74,3.73,Grenfell,1669954687
447,yinchuan,38.4681,106.2731,-1.35,22,5,0.2,Yinchuan,1669954689
448,jasper,37.2001,-94.3502,9.03,29,100,9.26,Jasper,1669954690
449,dong hoi,17.4833,106.6,21.2,92,100,8.89,Kwang Binh,1669954446
450,montlucon,46.3333,2.6,3.17,92,100,1.85,Montluçon,1669954694
451,yershov,51.3513,48.2766,-8.02,88,62,3.23,Yershov,1669954695
452,cowra,-33.8333,148.6833,23.75,42,68,3.1,Cowra,1669954696
453,mount isa,-20.7333,139.5,35.87,14,0,3.6,Mount Isa,1669954698
454,kalemie,-5.9475,29.1947,19.51,94,100,1.29,Kalemie,1669954700
455,andapa,-14.65,49.65,22.94,81,29,0.36,Andapa,1669954701
456,margate,51.3813,1.3862,8.16,86,88,1.79,Margate,1669954703
457,santa fe,-31.6333,-60.7,23.33,65,100,1.79,Santa Fe,1669954633
458,elizabeth city,36.2946,-76.2511,2.79,75,0,0.0,Elizabeth City,1669954602
459,naryan-mar,67.6713,53.087,-4.39,97,100,3.41,Naryan-Mar,1669954707
460,taltal,-25.4,-70.4833,16.93,83,30,1.48,Taltal,1669954708
461,bandarbeyla,9.4942,50.8122,25.96,74,64,7.15,Bandarbeyla,1669954710
462,broome,42.2506,-75.833,-1.41,75,20,1.79,Broome,1669954711
463,caucaia,-3.7361,-38.6531,27.24,74,40,6.69,Caucaia,1669954713
464,ust-tsilma,65.441,52.1498,-5.35,96,100,2.73,Ust-Tsilma,1669954714
465,port hedland,-20.3167,118.5667,33.03,58,27,9.26,Port Hedland,1669954715
466,praia da vitoria,38.7333,-27.0667,13.14,62,20,11.32,Praia da Vitória,1669954717
467,sumenep,-7.0167,113.8667,29.6,64,94,2.3,Sumenep,1669954718
468,marsh harbour,26.5412,-77.0636,24.8,64,100,10.72,Marsh Harbour,1669954719
469,charters towers,-20.1,146.2667,29.29,32,100,5.68,Charters Towers,1669954721
470,asha,54.9973,57.2722,-17.97,96,34,2.08,Asha,1669954722
471,vienna,48.2085,16.3721,1.53,88,20,2.06,Vienna,1669954723
472,port hardy,50.6996,-127.4199,-3.9,86,75,2.57,Port Hardy,1669954521
473,moldava nad bodvou,48.6143,20.9996,0.54,93,0,5.14,Moldava nad Bodvou,1669954726
474,mehamn,71.0357,27.8492,0.97,100,75,3.09,Mehamn,1669954727
475,nedjo,9.5046,35.5019,14.32,65,43,0.65,NEDJO,1669954729
476,xining,36.6167,101.7667,1.45,22,29,1.49,Xining,1669954730
477,kifri,34.6959,44.9661,14.91,76,0,2.07,Kifrī,1669954732
478,poum,-20.2333,164.0167,27.73,82,100,6.25,Poum,1669954733
479,alekseyevka,50.6309,38.6903,-3.71,67,96,5.3,Alekseyevka,1669954734
480,severobaykalsk,55.65,109.3167,-21.8,63,100,2.59,Severobaykal'sk,1669954736
481,petropavlovsk-kamchatskiy,53.0452,158.6483,-5.67,80,20,2.0,Petropavlovsk-Kamchatskiy,1669954487
482,sur,22.5667,59.5289,24.49,36,29,0.43,Sur,1669954738
483,kiama,-34.6833,150.8667,20.77,80,80,3.52,Kiama,1669954740
484,guerrero negro,27.9769,-114.0611,15.2,75,31,4.14,Guerrero Negro,1669954741
485,tooele,40.5308,-112.2983,7.46,53,75,12.86,Tooele,1669954525
486,tautira,-17.7333,-149.15,26.42,82,39,7.09,Tautira,1669954744
487,batagay-alyta,67.8006,130.4114,-24.25,99,100,1.09,Batagay-Alyta,1669954746
488,ejido,8.5514,-71.2375,17.45,95,89,1.04,Ejido,1669954747
489,australind,-33.2667,115.7167,22.21,49,0,5.88,Australind,1669954750
490,port-cartier,50.0334,-66.8654,-2.18,69,78,8.31,Port-Cartier,1669954751
491,algiers,36.7525,3.042,10.9,62,75,2.06,Algiers,1669954665
492,rafraf,37.1904,10.1837,9.18,57,89,6.27,Rafrāf,1669954754
493,providencia,28.7167,-111.5833,18.89,50,7,1.56,La Providencia,1669954756
494,norman wells,65.282,-126.8329,-12.98,72,100,4.63,Norman Wells,1669954758
495,tashtagol,52.7657,87.8894,-15.48,78,91,0.77,Tashtagol,1669954760
496,wangou,42.0623,126.9127,-9.97,53,4,4.19,Wangou,1669954762
497,moville,42.4889,-96.0725,5.33,62,22,7.66,Moville,1669954764
498,nevinnomyssk,44.6267,41.9453,1.0,80,100,10.09,Nevinnomyssk,1669954765
499,kismayo,-0.3582,42.5454,26.52,75,96,4.33,Kismayo,1669954767
500,bay city,43.5945,-83.8889,-0.5,74,100,4.12,Bay City,1669954514
501,beidao,34.5686,105.8933,3.27,48,51,0.69,Beidao,1669954770
502,kaita,34.3667,132.55,9.75,48,100,4.03,Kaita,1669954771
503,balkanabat,39.5108,54.3671,5.82,41,84,1.44,Balkanabat,1669954572
504,sakakah,29.9697,40.2064,12.76,63,41,3.0,Sakakah,1669954774
505,paso de carrasco,-34.8603,-56.0522,19.41,94,100,5.66,Paso de Carrasco,1669954775
506,chake chake,-5.2459,39.7666,24.87,84,54,1.98,Chake Chake,1669954776
507,husavik,66.0449,-17.3389,1.67,86,49,6.62,Husavik,1669954778
508,maizuru,35.45,135.3333,7.02,60,93,6.53,Maizuru,1669954779
509,gubkinskiy,64.434,76.5026,-21.56,94,21,4.76,Gubkinskiy,1669954780
510,taybad,34.74,60.7756,3.89,53,99,6.67,Tāybād,1669954782
511,mareeba,-17.0,145.4333,31.91,48,70,1.5,Mareeba,1669954783
512,zholymbet,51.7433,71.7122,-21.7,94,49,4.54,Zholymbet,1669954784
513,la orilla,17.9833,-102.2333,24.45,84,76,1.97,La Orilla,1669954786
514,namibe,-15.1961,12.1522,20.4,82,100,2.42,Mossamedes,1669954787
515,iralaya,15.0,-83.2333,25.2,86,4,4.73,Iralaya,1669954788
516,owo,7.1962,5.5868,21.53,91,99,0.46,Owo,1669954790
517,axim,4.8699,-2.2405,25.58,86,100,2.59,Esim,1669954791
518,chenzhou,25.8,113.0333,2.03,92,100,1.26,Chenzhou,1669954792
519,alenquer,-1.9417,-54.7383,24.93,85,99,0.85,Alenquer,1669954794
520,qaqortoq,60.7167,-46.0333,-10.48,75,65,3.88,Qaqortoq,1669954795
521,obukhiv,50.11,30.6227,-2.45,71,100,3.45,Obukhiv,1669954796
522,loviisa,60.4566,26.2251,-2.62,83,100,3.49,Loviisa,1669954798
523,chokurdakh,70.6333,147.9167,-19.33,97,100,5.92,Chokurdakh,1669954799
524,ahuimanu,21.4447,-157.8378,24.36,75,40,3.09,‘Āhuimanu,1669954800
525,kathmandu,27.7167,85.3167,14.12,72,20,1.54,Kathmandu,1669954596
526,mastic beach,40.7668,-72.8521,3.93,66,0,0.45,Mastic Beach,1669954803
527,saravena,6.9538,-71.8752,21.33,98,69,1.35,Saravena,1669954805
528,tessalit,20.1986,1.0114,20.5,20,67,3.14,Tessalit,1669954807
529,sadri,25.1833,73.4333,22.06,25,0,0.85,Sādri,1669954808
530,minot,48.2325,-101.2963,-9.88,85,0,4.12,Minot,1669954810
531,rumoi,43.9344,141.6428,-2.78,68,99,7.74,Rumoi,1669954812
532,vyazemskiy,47.5378,134.7525,-13.61,66,39,5.6,Vyazemskiy,1669954813
533,thinadhoo,0.5333,72.9333,27.32,71,4,3.05,Thinadhoo,1669954815
534,sabha,27.0377,14.4283,12.91,23,100,4.14,Sabha,1669954817
535,kibala,9.1104,18.3463,18.97,72,0,1.54,Kibala,1669954819
536,hofn,64.2539,-15.2082,6.89,76,100,4.6,Hofn,1669954822
537,chishtian mandi,29.8,72.8667,21.43,19,97,2.03,Chishtian,1669954825
538,verkhnyaya maksakovka,61.635,50.9674,-5.99,93,100,3.0,Verkhnyaya Maksakovka,1669954826
539,awjilah,29.1081,21.2869,12.76,51,42,2.77,Awjilah,1669954828
540,yakovlevskoye,55.4419,37.9506,-9.61,85,99,3.13,Yakovlevskoye,1669954829
541,kushima,31.4583,131.2333,12.1,49,98,0.92,Kushima,1669954742
542,taixing,32.1667,120.0136,6.83,47,13,1.86,Taixing,1669954832
543,rio gallegos,-51.6226,-69.2181,11.06,73,94,2.47,Río Gallegos,1669954834
544,dubuque,42.4833,-90.8668,0.35,56,9,8.06,Dubuque,1669954835
545,merauke,-8.4667,140.3333,28.23,79,99,8.31,Merauke,1669954836
546,khandyga,62.6667,135.6,-33.56,98,99,0.28,Khandyga,1669954838
547,castanas,13.8822,121.5517,28.94,79,99,6.77,Castañas,1669954839
548,pinega,64.7001,43.3936,-7.55,91,100,2.04,Pinega,1669954840
549,yanam,16.7333,82.2167,27.34,75,31,3.66,Yanam,1669954842
550,middletown,39.5151,-84.3983,0.37,74,0,3.09,Middletown,1669954843
551,jiuquan,39.7432,98.5174,-5.9,54,87,1.84,Jiuquan,1669954844
552,nago,26.5881,127.9761,19.47,77,99,8.99,Nago,1669954846
553,emerald,-23.5333,148.1667,26.86,45,0,8.26,Emerald,1669954847
554,omboue,-1.5746,9.2618,24.87,87,100,2.85,Omboué,1669954848
555,igunga,-4.2833,33.8833,19.7,84,100,1.73,Igunga,1669954850
556,palmer,42.1584,-72.3287,1.46,69,20,2.57,Palmer,1669954851
557,gambela,8.25,34.5833,22.64,54,57,1.04,Gambēla,1669954575
558,bireun,5.203,96.7009,27.47,71,100,1.15,Bireun,1669954854
559,dobrosloveni,44.1833,24.3667,2.78,100,100,1.77,Dobrosloveni,1669954855
560,monrovia,6.3005,-10.7969,25.16,83,100,1.56,Monrovia,1669954856
561,caribou,46.8606,-68.012,-2.76,66,75,5.66,Caribou,1669954858
562,celestun,20.8667,-90.4,25.54,79,0,7.27,Celestún,1669954859
563,neiafu,-18.65,-173.9833,28.38,83,40,3.6,Neiafu,1669954861
564,zhezkazgan,47.8043,67.7144,-20.01,84,75,3.0,Zhezkazgan,1669954862
565,klaksvik,62.2266,-6.589,10.51,95,100,13.65,Klaksvík,1669954863
566,ampanihy,-24.7,44.75,24.03,72,100,2.41,Ampanihy,1669954634
567,wollongong,-34.4333,150.8833,23.38,77,76,4.76,Wollongong,1669954866
568,jaen,38.0,-3.5,5.65,75,6,1.67,Jaen,1669954867
569,tolyatti,53.5303,49.3461,-9.13,90,80,3.85,Tolyatti,1669954869
570,chernyshevskiy,63.0128,112.4714,-26.16,93,100,1.66,Chernyshevskiy,1669954870
571,rosarito,32.3333,-117.0333,14.53,61,94,0.86,Rosarito,1669954871
572,ubatuba,-23.4339,-45.0711,23.31,90,92,1.03,Ubatuba,1669954589
573,berbera,10.4396,45.0143,25.55,74,0,1.04,Berbera,1669954874
574,telimele,10.9167,-13.3333,19.68,87,84,0.25,Telimele,1669954875
575,kashi,39.4547,75.9797,-5.44,38,87,2.0,Kashgar,1669954877
576,paamiut,61.994,-49.6678,-6.26,62,100,6.61,Paamiut,1669954878
577,ramanuj ganj,23.8,83.7,21.63,39,0,0.64,Rāmānuj Ganj,1669954879
578,acapulco,16.8634,-99.8901,26.9,78,20,2.57,Acapulco de Juárez,1669954820
579,knysna,-34.0363,23.0471,17.92,81,12,2.6,Knysna,1669954882
580,yulara,-25.2406,130.9889,33.63,11,5,0.89,Yulara,1669954883
581,west bay,19.3667,-81.4167,27.82,75,1,3.13,West Bay,1669954884
582,zyryanka,65.75,150.85,-33.71,92,90,4.06,Zyryanka,1669954886
583,georgiyevka,43.0369,74.7114,-3.98,93,40,3.0,Georgiyevka,1669954887
584,ryotsu,38.0833,138.4333,4.17,81,100,6.18,Ryōtsu-minato,1669954889
585,san carlos de bariloche,-41.1456,-71.3082,13.86,33,75,8.23,Bariloche,1669954890
586,cabra,37.4725,-4.4421,7.18,80,5,1.62,Cabra,1669954891
587,aranos,-24.1333,19.1167,23.17,45,82,0.75,Aranos,1669954893
588,la sarre,48.8002,-79.1996,-10.01,94,74,1.76,La Sarre,1669954894
589,quthing,-30.4,27.7003,19.92,54,100,2.22,Quthing,1669954895
590,riohacha,11.5444,-72.9072,23.36,87,0,4.05,Riohacha,1669954897
591,brae,60.3964,-1.353,8.58,90,100,11.5,Brae,1669954898
592,bondoukou,8.0333,-2.8,21.79,91,63,1.72,Bondoukou,1669954899
